Name,Price,Rating
"Canon EOS 3000D DSLR Camera 1 Camera Body, 18 - 55 mm Lens","₹32,490",4.4
Canon EOS 200D II DSLR Camera EF-S18-55mm IS STM,"₹59,990",4.5
Canon EOS 1500D DSLR Camera Body+ 18-55 mm IS II Lens,"₹41,990",4.5
Canon EOS M50 Mark II Mirrorless Camera EF-M15-45mm is STM Lens,"₹58,990",4.5
Canon EOS R50 Mirrorless Camera Body with RF - S 18 - 45 mm f/4.5 - 6.3 IS STM,"₹71,990",4.7
Canon EOS R50 Mirrorless Camera RF - S 18 - 45 mm f/4.5 - 6.3 IS STM and RF - S 55 - 210 mm f/5 - 7.1 ...,"₹95,990",4.7
Canon EOS R7 Mirrorless Camera Body Only,"₹1,34,390",N/A
Canon EOS 90D DSLR Camera Body Only,"₹95,273",4.5
Canon RP Mirrorless Camera Body Only,"₹91,990",4.4
Canon EOS R6 Mark II Mirrorless Camera Body with 24-105mm USM Lens,"₹2,99,999",N/A
Canon Full Frame Mirrorless EOS R5 Mirrorless Camera Body,"₹2,95,579",N/A
Canon EOS R10 Mirrorless Camera Body with RF-S 18 - 45 mm f/4.5 - 6.3 IS STM Lens,"₹83,229",4.7
Canon EOS 6D Mark II DSLR Camera Body with Single Lens: EF24-105mm f/4L IS II USM,"₹1,95,990",4.5
Canon EOS R10 Mirrorless Camera Body Only,"₹67,289",4.7
Canon EOS 850D DSLR Camera body with EF-S18-55mm f/4-5.6 IS STM,"₹69,990",4.8
Canon EOS R10 Mirrorless Camera Body with RF-S 18 - 150 mm f/3.5 - 6.3 IS STM Lens Kit,"₹96,599",4.7
Canon R100 Mirrorless Camera RF-S 18-45mm f/4.5-6.3 IS STM,"₹49,990",N/A
Canon EOS 7D Mark II DSLR Camera (Body only),"₹99,999",4.1
Canon EOS 5D Mark IV DSLR Camera Body with Single Lens:EF 24-105mm f/4L IS II USM Lens,"₹3,09,990",3.8
Canon EOS M200 Mirrorless Camera Body with Single Lens (EF-M15-45mm f/3.5-6.3 IS STM),"₹43,995",4.4
